brownies-1	https://xinomavri.wixsite.com/website/post/brownies-1	Μπράουνις με θαλασσινό αλάτι	recipes	2022-02-25
kolokythopita	https://xinomavri.wixsite.com/website/post/kolokythopita	Γλυκιά κολοκυθόπιτα με φύλλο κρούστας	recipes	2022-01-23
lazarakia_leros	https://xinomavri.wixsite.com/website/post/lazarakia_leros	Λαζαράκια Λέρου	recipes	2021-04-19
linguine_-cuttlefish	https://xinomavri.wixsite.com/website/post/linguine_-cuttlefish	Λιγκουίνι με μελάνι σουπιάς	recipes	2021-01-10
loukoumi_orange	https://xinomavri.wixsite.com/website/post/loukoumi_orange	Λουκούμια πορτοκαλένια	recipes	2020-12-15
brownies	https://xinomavri.wixsite.com/website/post/brownies	Λάβα Κέικ ή σοκολατένια βόμβα	recipes	2020-12-02
kolokythosoupa	https://xinomavri.wixsite.com/website/post/kolokythosoupa	Κολοκυθόσουπα βελουτέ	recipes	2020-11-22
dionisos_wine	https://xinomavri.wixsite.com/website/post/dionisos_wine	Πού έπινε ο Διόνυσος το κρασί του - 1ο Μέρος	stories	2020-05-18
almonds_mirabello	https://xinomavri.wixsite.com/website/post/almonds_mirabello	Μεραμπελλιώτικα αμύγδαλα	recipes	2020-05-08
αμπέλια-του-20ου-αιώνα	https://xinomavri.wixsite.com/website/post/αμπέλια-του-20ου-αιώνα	Αμπέλια του 20ου αιώνα	uncorked	2020-04-30
egreekwine4	https://xinomavri.wixsite.com/website/post/egreekwine4	Τα κρασιά της Ηπείρου και των Επτανήσων	wine	2020-04-21
egreekwine2	https://xinomavri.wixsite.com/website/post/egreekwine2	eGreekWine No 2	wine	2020-04-13
wisefoodstories	https://xinomavri.wixsite.com/website/post/wisefoodstories	Ηρωικό Φαγητό	mood	2020-04-08
mood2	https://xinomavri.wixsite.com/website/post/mood2	Mood 04.04.20	mood	2020-04-04
mood-01-04-20	https://xinomavri.wixsite.com/website/post/mood-01-04-20	Mood 01.04.20	mood	2020-03-24
